{
    "sony dsc-wx220 4896 3672 brown 0.85": {
        "projection_type": "brown",
        "width": 4896,
        "height": 3672,
        "focal_x": 0.741324133557991,
        "focal_y": 0.741324133557991,
        "c_x": 0.014980101625320494,
        "c_y": -0.00814953824301565,
        "k1": 0.009483713591345175,
        "k2": -0.03510726902970737,
        "p1": -0.003083171211302373,
        "p2": 0.006422355953717198,
        "k3": 0.028147189621438383
    }
}